0,0,0,0,0,0,0
0,0,0,0,0,0,0
0,0,0,0,0,0,0
0,0,0,0,0,0,0
0,0,0,0,0,0,0
0,0,0,0,0,0,0
0,0,0,0,0,0,0
0,0,0,0,0,0,0
0,0,0,0,0,0,0
0,0,0,0,0,0,0
0,0,0,0,0,0,0
0,0,0,0,0,0,0
0,0,0,0,0,0,0
0,0,0,0,0,0,0
0,0,0,0,0,0,0
0,0,0,0,0,0,0
0,0,0,0,0,0,0
0,0,0,0,0,0,0
0,0,0,0,0,0,0
0,0,0,0,0,0,0
0,0,0,0,0,0,0
0,0,0,0,0,0,0
0,0,0,0,0,0,0
0,0,0,0,0,0,0
0,0,0,0,0,0,0
0,0,0,0,0,0,0
 ,3.903545037, , , , , 
 ,30.5999423, , , , , 
535.9733834, , , , , , 
 ,982.4418228, , , , , 
817.7184868, , , , , , 
1382.919253, , , , , , 
807.2421398, , , , , , 
935.9461966, , , , , , 
728.7711989, , , , , , 
 , , , , , ,610.4759073
 , ,61.4148346, , , , 
 ,0, , , , , 
0,0,0,0,0,0,0
0,0,0,0,0,0,0
0,0,0,0,0,0,0
0,0,0,0,0,0,0
0,0,0,0,0,0,0
0,0,0,0,0,0,0
0,0,0,0,0,0,0
0,0,0,0,0,0,0
0,0,0,0,0,0,0
 , , ,0, , , 
 , , ,0, , , 
 , ,21.4745603, , , , 
 ,257.3024146, , , , , 
 , , , , , ,419.7073234
589.1772747, , , , , , 
 , , ,293.072252, , , 
 ,307.4894768, , , , , 
 , , , , ,307.8152887, 
 , , , , , ,591.5277114
 , , , , , ,678.6231649
 ,275.1935763, , , , , 
 , , , ,3.44900741, , 
0,0,0,0,0,0,0
0,0,0,0,0,0,0
0,0,0,0,0,0,0
0,0,0,0,0,0,0
0,0,0,0,0,0,0
0,0,0,0,0,0,0
0,0,0,0,0,0,0
0,0,0,0,0,0,0
0,0,0,0,0,0,0
0,0,0,0,0,0,0
0,0,0,0,0,0,0
0,0,0,0,0,0,0
0,0,0,0,0,0,0
0,0,0,0,0,0,0
0,0,0,0,0,0,0
0,0,0,0,0,0,0
0,0,0,0,0,0,0
0,0,0,0,0,0,0
0,0,0,0,0,0,0
0,0,0,0,0,0,0
0,0,0,0,0,0,0
0,0,0,0,0,0,0
0,0,0,0,0,0,0
0,0,0,0,0,0,0
0,0,0,0,0,0,0
0,0,0,0,0,0,0
0,0,0,0,0,0,0
0,0,0,0,0,0,0
0,0,0,0,0,0,0
0,0,0,0,0,0,0
0,0,0,0,0,0,0
 ,10.3498563, , , , , 
254.5809443, , , , , , 
521.0823658, , , , , , 
 ,1040.947415, , , , , 
421.6773366, , , , , , 
 ,1027.225918, , , , , 
859.2164603, , , , , , 
587.1545442, , , , , , 
695.1284406, , , , , , 
 , , , , , ,291.5047741
 , ,23.59991099, , , , 
 , , , ,1.532703978, , 
 ,0.12148904, , , , , 
0,0,0,0,0,0,0
0,0,0,0,0,0,0
0,0,0,0,0,0,0
0,0,0,0,0,0,0
0,0,0,0,0,0,0
0,0,0,0,0,0,0
0,0,0,0,0,0,0
0,0,0,0,0,0,0
 , , ,0, , , 
 , , ,0, , , 
 , ,14.29484292, , , , 
 , ,176.1097165, , , , 
 , , , , , ,267.1141766
 , ,61.94797262, , , , 
 , ,265.2267184, , , , 
327.9372709, , , , , , 
576.5257274, , , , , , 
544.7653124, , , , , , 
 , , , , , ,360.7109762
 , ,45.51213485, , , , 
 , , ,0.69698207, , , 
0,0,0,0,0,0,0
0,0,0,0,0,0,0
0,0,0,0,0,0,0
0,0,0,0,0,0,0
0,0,0,0,0,0,0
0,0,0,0,0,0,0
0,0,0,0,0,0,0
0,0,0,0,0,0,0
0,0,0,0,0,0,0
0,0,0,0,0,0,0
0,0,0,0,0,0,0
0,0,0,0,0,0,0
0,0,0,0,0,0,0
0,0,0,0,0,0,0
0,0,0,0,0,0,0
0,0,0,0,0,0,0
0,0,0,0,0,0,0
0,0,0,0,0,0,0
0,0,0,0,0,0,0
0,0,0,0,0,0,0
0,0,0,0,0,0,0
0,0,0,0,0,0,0
0,0,0,0,0,0,0
0,0,0,0,0,0,0
0,0,0,0,0,0,0
0,0,0,0,0,0,0
0,0,0,0,0,0,0
0,0,0,0,0,0,0
0,0,0,0,0,0,0
0,0,0,0,0,0,0
0,0,0,0,0,0,0
24.63636753, , , , , , 
 , , , , , ,394.0980692
864.1367433, , , , , , 
 , , , , , ,888.9415429
 ,444.6979981, , , , , 
 ,341.127523, , , , , 
 ,391.3543261, , , , , 
 , , , , ,609.3109249, 
 ,413.9212718, , , , , 
 , , , , , ,119.3678314
 , , , , ,58.88494003, 
 , ,27.02765382, , , , 
 , ,3.45525996, , , , 
0,0,0,0,0,0,0
0,0,0,0,0,0,0
0,0,0,0,0,0,0
0,0,0,0,0,0,0
0,0,0,0,0,0,0
0,0,0,0,0,0,0
0,0,0,0,0,0,0
0,0,0,0,0,0,0
 , , , ,0.335226382, , 
 , , , ,4.305801487, , 
 , , ,2.17532442, , , 
 ,263.5567158, , , , , 
 ,156.6497433, , , , , 
 ,180.89504, , , , , 
 ,302.9948015, , , , , 
 , ,211.9938324, , , , 
 ,710.7891764, , , , , 
 , ,123.6137754, , , , 
 ,34.37045699, , , , , 
 ,24.63489506, , , , , 
 , , ,0.043157946, , , 
 , , ,0.002220511, , , 
0,0,0,0,0,0,0
0,0,0,0,0,0,0
0,0,0,0,0,0,0
0,0,0,0,0,0,0
0,0,0,0,0,0,0
0,0,0,0,0,0,0
0,0,0,0,0,0,0
0,0,0,0,0,0,0
0,0,0,0,0,0,0
0,0,0,0,0,0,0
0,0,0,0,0,0,0
0,0,0,0,0,0,0
0,0,0,0,0,0,0
0,0,0,0,0,0,0
0,0,0,0,0,0,0
0,0,0,0,0,0,0
0,0,0,0,0,0,0
0,0,0,0,0,0,0
0,0,0,0,0,0,0
0,0,0,0,0,0,0
0,0,0,0,0,0,0
0,0,0,0,0,0,0
0,0,0,0,0,0,0
0,0,0,0,0,0,0
0,0,0,0,0,0,0
0,0,0,0,0,0,0
0,0,0,0,0,0,0
0,0,0,0,0,0,0
 , , , , ,0.219470842, 
82.84159949, , , , , , 
145.1778311, , , , , , 
 , , , , , ,460.9230238
936.8263012, , , , , , 
 ,994.5124587, , , , , 
 ,299.8675154, , , , , 
 , ,100.5967747, , , , 
 , , , , ,291.1272213, 
 ,388.6673707, , , , , 
 ,572.6760788, , , , , 
 , , , , , ,749.6626352
 , , , , , ,597.8645332
 , , , , ,61.55491912, 
 , , , ,0.5428695, , 
 ,0, , , , , 
0,0,0,0,0,0,0
0,0,0,0,0,0,0
0,0,0,0,0,0,0
0,0,0,0,0,0,0
0,0,0,0,0,0,0
0,0,0,0,0,0,0
0,0,0,0,0,0,0
 , ,4.4536721, , , , 
 , , , , ,55.26432877, 
 , ,29.81018515, , , , 
 , , , , , ,508.2317299
 , ,270.1698795, , , , 
 , ,37.45930677, , , , 
 ,44.30477768, , , , , 
 , , ,197.5537175, , , 
 , , , , ,188.9952513, 
 , , ,42.42710356, , , 
 , , ,49.64504593, , , 
 , , , , , ,242.1468073
 ,38.54477545, , , , , 
 , , ,3.93969725, , , 
 , , ,0, , , 
0,0,0,0,0,0,0
0,0,0,0,0,0,0
0,0,0,0,0,0,0
0,0,0,0,0,0,0
0,0,0,0,0,0,0
0,0,0,0,0,0,0
0,0,0,0,0,0,0
0,0,0,0,0,0,0
0,0,0,0,0,0,0
0,0,0,0,0,0,0
0,0,0,0,0,0,0
0,0,0,0,0,0,0
0,0,0,0,0,0,0
0,0,0,0,0,0,0
0,0,0,0,0,0,0
0,0,0,0,0,0,0
0,0,0,0,0,0,0
0,0,0,0,0,0,0
0,0,0,0,0,0,0
0,0,0,0,0,0,0
0,0,0,0,0,0,0
0,0,0,0,0,0,0
0,0,0,0,0,0,0
0,0,0,0,0,0,0
0,0,0,0,0,0,0
0,0,0,0,0,0,0
 , ,0.64074412, , , , 
52.17200611, , , , , , 
373.5939977, , , , , , 
782.5610529, , , , , , 
 ,1228.527991, , , , , 
880.4749143, , , , , , 
 ,1111.983933, , , , , 
 ,552.2605275, , , , , 
 , ,50.06418985, , , , 
 ,167.9931716, , , , , 
333.9360564, , , , , , 
 ,213.7494347, , , , , 
 ,462.4374971, , , , , 
453.1855543, , , , , , 
 , , , , ,181.1029725, 
21.5969972, , , , , , 
 , , , , ,61.06530323, 
 , ,19.98133956, , , , 
 , ,55.41152351, , , , 
 , , ,72.14121245, , , 
 , , , , ,16.95834501, 
 , , ,3.13530244, , , 
0,0,0,0,0,0,0
 , , ,0.336379103, , , 
 , , ,14.28334131, , , 
 , ,68.47277316, , , , 
 , ,15.56765122, , , , 
 ,314.0786028, , , , , 
 , ,28.47823839, , , , 
 , ,28.27511506, , , , 
 , ,22.6501591, , , , 
 , , ,87.07987888, , , 
 , , , ,8.99901564, , 
 , , ,3.850890068, , , 
 , , , ,12.86589759, , 
 , ,97.35670342, , , , 
 , , , ,1.317562267, , 
 , , ,0, , , 
 , , ,0, , , 
0,0,0,0,0,0,0
0,0,0,0,0,0,0
0,0,0,0,0,0,0
0,0,0,0,0,0,0
0,0,0,0,0,0,0
0,0,0,0,0,0,0
0,0,0,0,0,0,0
0,0,0,0,0,0,0
0,0,0,0,0,0,0
0,0,0,0,0,0,0
0,0,0,0,0,0,0
0,0,0,0,0,0,0
0,0,0,0,0,0,0
0,0,0,0,0,0,0
0,0,0,0,0,0,0
0,0,0,0,0,0,0
0,0,0,0,0,0,0
0,0,0,0,0,0,0
0,0,0,0,0,0,0
0,0,0,0,0,0,0
0,0,0,0,0,0,0
0,0,0,0,0,0,0
0,0,0,0,0,0,0
0,0,0,0,0,0,0
0,0,0,0,0,0,0
0,0,0,0,0,0,0
 ,11.62534202, , , , , 
 ,220.2058613, , , , , 
 ,584.5858223, , , , , 
 , , , , ,1047.534741, 
 ,1162.155944, , , , , 
 ,871.8239813, , , , , 
 ,1190.517897, , , , , 
 , , , , ,810.6871529, 
471.9844701, , , , , , 
487.4317452, , , , , , 
 , , , , , ,848.5302547
 , , , , , ,486.6741505
 , , , , , ,507.0721185
 , , , , , ,230.6999856
 , , , , , ,1004.832689
 , , , , ,1050.550016, 
 , , , , ,335.6610164, 
 , , , , ,33.02551751, 
 ,178.2492286, , , , , 
 ,132.2507603, , , , , 
 , , , , , ,151.4224017
 , , ,96.79895081, , , 
 , , , , ,20.96664831, 
 , ,21.88129668, , , , 
 , ,69.03614947, , , , 
 , ,19.34837584, , , , 
 , , , , , ,109.6254935
 ,36.75009044, , , , , 
 ,53.70635187, , , , , 
 , , ,75.50514919, , , 
 ,240.7885417, , , , , 
 ,479.1198094, , , , , 
 , ,26.39662596, , , , 
 , ,17.68855602, , , , 
 , , , ,4.718531429, , 
 , , , ,1.979337509, , 
 , , ,0.04655, , , 
 , , ,0, , , 
 , , ,0, , , 
0,0,0,0,0,0,0
0,0,0,0,0,0,0
0,0,0,0,0,0,0
0,0,0,0,0,0,0
0,0,0,0,0,0,0
0,0,0,0,0,0,0
0,0,0,0,0,0,0
0,0,0,0,0,0,0
0,0,0,0,0,0,0
0,0,0,0,0,0,0
0,0,0,0,0,0,0
0,0,0,0,0,0,0
0,0,0,0,0,0,0
0,0,0,0,0,0,0
0,0,0,0,0,0,0
0,0,0,0,0,0,0
0,0,0,0,0,0,0
0,0,0,0,0,0,0
0,0,0,0,0,0,0
0,0,0,0,0,0,0
0,0,0,0,0,0,0
0,0,0,0,0,0,0
0,0,0,0,0,0,0
0,0,0,0,0,0,0
0,0,0,0,0,0,0
 , , ,0, , , 
 , ,144.1073249, , , , 
 ,269.4295812, , , , , 
 ,840.6239251, , , , , 
840.0160932, , , , , , 
 , , ,943.7726078, , , 
640.2174782, , , , , , 
 , , , , , ,669.6328845
 , , , , , ,536.5098011
447.3993573, , , , , , 
 , , , , , ,1272.170219
 , , , , , ,1089.409381
1445.858407, , , , , , 
1619.994657, , , , , , 
1126.264068, , , , , , 
 , , , , , ,967.6310936
2075.58549, , , , , , 
 , , , , , ,929.6136473
 , , , , ,264.6116327, 
356.9544085, , , , , , 
 ,301.1033799, , , , , 
 ,137.0984598, , , , , 
 , , , , , ,312.3602603
 , , , , , ,278.5695289
 ,87.91021127, , , , , 
 ,49.15849518, , , , , 
 , ,37.43387591, , , , 
 ,105.8743156, , , , , 
 , , , , , ,40.19802149
 ,41.41317379, , , , , 
 ,194.1469858, , , , , 
386.0140149, , , , , , 
351.6189684, , , , , , 
 , ,50.23329132, , , , 
 , ,39.80638414, , , , 
 , , , ,4.311907413, , 
 , , , ,0.416410413, , 
 , , , ,0.043194892, , 
 , , ,0.094474976, , , 
 , , ,0, , , 
0,0,0,0,0,0,0
0,0,0,0,0,0,0
0,0,0,0,0,0,0
0,0,0,0,0,0,0
0,0,0,0,0,0,0
0,0,0,0,0,0,0
0,0,0,0,0,0,0
0,0,0,0,0,0,0
0,0,0,0,0,0,0
0,0,0,0,0,0,0
0,0,0,0,0,0,0
0,0,0,0,0,0,0
0,0,0,0,0,0,0
0,0,0,0,0,0,0
0,0,0,0,0,0,0
0,0,0,0,0,0,0
0,0,0,0,0,0,0
0,0,0,0,0,0,0
0,0,0,0,0,0,0
0,0,0,0,0,0,0
0,0,0,0,0,0,0
0,0,0,0,0,0,0
0,0,0,0,0,0,0
 , , ,0, , , 
 , , ,0, , , 
 , ,1.908187394, , , , 
 ,47.65016727, , , , , 
804.7874838, , , , , , 
 ,1509.612086, , , , , 
 , , ,1367.767764, , , 
 , , ,998.2015323, , , 
 , , ,456.3419308, , , 
 , , , , , ,268.229395
 , , ,684.3456472, , , 
 , , ,709.4120446, , , 
 , , , , , ,1021.162181
999.5126378, , , , , , 
1595.043237, , , , , , 
1788.089208, , , , , , 
2298.982477, , , , , , 
 ,1805.754677, , , , , 
 ,1876.234673, , , , , 
1990.144352, , , , , , 
872.7684099, , , , , , 
721.6709249, , , , , , 
 , , , , , ,909.6317936
 , , , , , ,533.6521339
 , , , , , ,484.380324
 , , , , , ,637.664289
264.216114, , , , , , 
 ,218.2103061, , , , , 
 ,108.2700224, , , , , 
 ,286.6599396, , , , , 
 ,153.1213076, , , , , 
 , , ,22.22193443, , , 
 ,282.8182125, , , , , 
 , ,154.0316081, , , , 
175.9669889, , , , , , 
 , , ,156.9092499, , , 
 , ,45.28961411, , , , 
 , ,38.53941792, , , , 
 , , ,19.30494432, , , 
 , , , ,0.070948262, , 
 , , ,0, , , 
 , , ,0, , , 
0,0,0,0,0,0,0
0,0,0,0,0,0,0
0,0,0,0,0,0,0
0,0,0,0,0,0,0
0,0,0,0,0,0,0
0,0,0,0,0,0,0
0,0,0,0,0,0,0
0,0,0,0,0,0,0
0,0,0,0,0,0,0
0,0,0,0,0,0,0
0,0,0,0,0,0,0
0,0,0,0,0,0,0
0,0,0,0,0,0,0
0,0,0,0,0,0,0
0,0,0,0,0,0,0
0,0,0,0,0,0,0
0,0,0,0,0,0,0
0,0,0,0,0,0,0
0,0,0,0,0,0,0
0,0,0,0,0,0,0
0,0,0,0,0,0,0
 , , ,0, , , 
 ,7.645747131, , , , , 
 ,3.122082035, , , , , 
 , , , ,1.668350154, , 
 , ,9.538339437, , , , 
 , ,124.6282877, , , , 
 ,490.6278637, , , , , 
1011.309173, , , , , , 
 ,840.1135149, , , , , 
 , , , , ,628.2615544, 
 , , ,159.0139965, , , 
 , , , , ,107.1925737, 
 , ,397.9782676, , , , 
332.9367888, , , , , , 
 ,537.5790337, , , , , 
 , , , , , ,950.5430728
1136.143939, , , , , , 
1629.389242, , , , , , 
2233.006345, , , , , , 
2010.318841, , , , , , 
 , , , , , ,1318.800415
1272.54973, , , , , , 
678.2545996, , , , , , 
705.7696685, , , , , , 
 , , , , , ,971.5190511
 , , , , , ,506.1547194
205.1584932, , , , , , 
 , , , , , ,579.0465162
532.0223843, , , , , , 
326.204026, , , , , , 
 , , , , , ,104.3736864
395.0344096, , , , , , 
423.1123149, , , , , , 
 ,264.214925, , , , , 
 ,354.6221383, , , , , 
 , , ,280.2634059, , , 
 , ,44.2596833, , , , 
 ,97.53936506, , , , , 
193.7349514, , , , , , 
 , ,29.06082614, , , , 
 , , , ,1.446821303, , 
 , , ,0.080549997, , , 
 ,0, , , , , 
0,0,0,0,0,0,0
0,0,0,0,0,0,0
0,0,0,0,0,0,0
0,0,0,0,0,0,0
0,0,0,0,0,0,0
0,0,0,0,0,0,0
0,0,0,0,0,0,0
0,0,0,0,0,0,0
0,0,0,0,0,0,0
0,0,0,0,0,0,0
0,0,0,0,0,0,0
0,0,0,0,0,0,0
0,0,0,0,0,0,0
0,0,0,0,0,0,0
0,0,0,0,0,0,0
 , , , ,0.365721867, , 
 , ,3.065419927, , , , 
0,0,0,0,0,0,0
0,0,0,0,0,0,0
0,0,0,0,0,0,0
0,0,0,0,0,0,0
0,0,0,0,0,0,0
35.86148299, , , , , , 
 ,68.86962672, , , , , 
 ,95.30250797, , , , , 
 ,28.76902227, , , , , 
 , ,57.20835097, , , , 
 ,115.1473663, , , , , 
586.5981478, , , , , , 
 , , , , ,1022.586288, 
 , , ,802.9571521, , , 
563.6603478, , , , , , 
 , , , , ,226.0126208, 
 , ,298.0176173, , , , 
410.0370485, , , , , , 
488.040038, , , , , , 
 ,628.9528063, , , , , 
619.3203074, , , , , , 
799.4070642, , , , , , 
946.4279241, , , , , , 
1696.896558, , , , , , 
 , , , , , ,2604.357989
1394.54055, , , , , , 
 ,940.0842452, , , , , 
646.8946387, , , , , , 
713.6603492, , , , , , 
 , , , , , ,875.1151543
 , , , , , ,800.8676961
370.5001883, , , , , , 
 , , , , , ,561.255544
464.1313127, , , , , , 
 , , , , , ,533.0806358
 , , , , , ,516.8040172
509.0131195, , , , , , 
282.0768333, , , , , , 
463.623187, , , , , , 
 ,326.0453198, , , , , 
 , ,246.7290306, , , , 
 , ,128.9436785, , , , 
269.4863527, , , , , , 
 ,68.04132652, , , , , 
 ,1.082705345, , , , , 
 , , , ,0.054166985, , 
 ,0.383709359, , , , , 
 , ,0.039932457, , , , 
0,0,0,0,0,0,0
0,0,0,0,0,0,0
0,0,0,0,0,0,0
0,0,0,0,0,0,0
0,0,0,0,0,0,0
0,0,0,0,0,0,0
0,0,0,0,0,0,0
0,0,0,0,0,0,0
0,0,0,0,0,0,0
0,0,0,0,0,0,0
0,0,0,0,0,0,0
0,0,0,0,0,0,0
0,0,0,0,0,0,0
0,0,0,0,0,0,0
 , , ,0, , , 
 , ,13.39225872, , , , 
 , , , ,8.22770414, , 
 , , , , ,0.154630904, 
0,0,0,0,0,0,0
0,0,0,0,0,0,0
 , , ,0, , , 
 ,1.196448037, , , , , 
151.9137841, , , , , , 
 ,292.8240778, , , , , 
 , , , , , ,137.2744832
385.6397037, , , , , , 
112.4448679, , , , , , 
 ,91.91694768, , , , , 
 ,254.5611368, , , , , 
 ,596.8420238, , , , , 
222.4564271, , , , , , 
 , , , , ,922.3107139, 
1109.029166, , , , , , 
 , , ,877.7860376, , , 
 ,374.8913724, , , , , 
 ,442.8707763, , , , , 
523.9565106, , , , , , 
506.8587868, , , , , , 
 ,431.0369045, , , , , 
 ,352.8577323, , , , , 
925.6927755, , , , , , 
1268.465967, , , , , , 
1609.748025, , , , , , 
1542.958219, , , , , , 
607.4358319, , , , , , 
 ,161.9016976, , , , , 
 ,76.20670317, , , , , 
 ,171.7064569, , , , , 
490.206631, , , , , , 
969.1017268, , , , , , 
 , , , , , ,869.5503734
 , , , , , ,473.0115145
 , , , , , ,1055.858752
 , , , , , ,612.1478134
 ,481.8190619, , , , , 
 ,203.8529379, , , , , 
260.1652301, , , , , , 
625.0795396, , , , , , 
 , , , , , ,311.6855347
 , , , , , ,635.0527234
 , , , , , ,71.8647183
 , ,20.70076133, , , , 
 , , , ,0.084687288, , 
 , , ,0.085657483, , , 
0,0,0,0,0,0,0
0,0,0,0,0,0,0
0,0,0,0,0,0,0
0,0,0,0,0,0,0
0,0,0,0,0,0,0
0,0,0,0,0,0,0
0,0,0,0,0,0,0
0,0,0,0,0,0,0
0,0,0,0,0,0,0
0,0,0,0,0,0,0
0,0,0,0,0,0,0
0,0,0,0,0,0,0
0,0,0,0,0,0,0
0,0,0,0,0,0,0
0,0,0,0,0,0,0
25.16256437, , , , , , 
 , , ,9.34692266, , , 
 , , , ,1.90629196, , 
 ,0.231551951, , , , , 
 ,0, , , , , 
 , , , ,0.050385153, , 
 , , ,0.097082779, , , 
 , , , ,2.524158347, , 
 ,44.30763828, , , , , 
132.3131901, , , , , , 
362.2389299, , , , , , 
271.9597376, , , , , , 
 ,79.13034765, , , , , 
 , ,116.0541034, , , , 
 , , , , , ,338.7071006
 ,233.5084838, , , , , 
 , , , , , ,380.6954303
366.6202499, , , , , , 
752.6797507, , , , , , 
 ,492.4414126, , , , , 
 ,881.1187629, , , , , 
 ,973.7783513, , , , , 
 ,495.1052464, , , , , 
 ,341.0180137, , , , , 
 , , , , , ,633.0847032
 ,491.9105113, , , , , 
469.4648503, , , , , , 
600.3272477, , , , , , 
1395.877698, , , , , , 
1315.719209, , , , , , 
1177.526161, , , , , , 
 ,238.6123693, , , , , 
 , ,61.22965372, , , , 
 , , ,114.27777, , , 
283.8134862, , , , , , 
470.075209, , , , , , 
 , , , , , ,659.3329692
257.31266, , , , , , 
 , , , , , ,259.8757356
 , , , , , ,676.6167439
859.3134674, , , , , , 
1002.705015, , , , , , 
107.1253982, , , , , , 
310.2438123, , , , , , 
1161.632797, , , , , , 
 , , , , , ,830.0726625
650.0353532, , , , , , 
 , ,25.91365253, , , , 
 , , , ,1.115230151, , 
 ,0.091828437, , , , , 
0,0,0,0,0,0,0
0,0,0,0,0,0,0
0,0,0,0,0,0,0
0,0,0,0,0,0,0
0,0,0,0,0,0,0
0,0,0,0,0,0,0
0,0,0,0,0,0,0
0,0,0,0,0,0,0
0,0,0,0,0,0,0
0,0,0,0,0,0,0
0,0,0,0,0,0,0
0,0,0,0,0,0,0
0.575187897, , , , , , 
0,0,0,0,0,0,0
0,0,0,0,0,0,0
 ,0.005486726, , , , , 
 , , ,0, , , 
 , , , ,0.698323671, , 
 , , ,0, , , 
 , , ,0, , , 
 , , , ,0.127138425, , 
 , , ,0, , , 
 , ,21.81616386, , , , 
 ,30.72525788, , , , , 
338.5658721, , , , , , 
166.5106849, , , , , , 
209.949709, , , , , , 
 , , , ,10.14361013, , 
 , ,22.17296187, , , , 
 , , , , , ,108.1175575
158.3891682, , , , , , 
 ,591.6153938, , , , , 
1162.264043, , , , , , 
937.1040179, , , , , , 
 ,1529.33495, , , , , 
 ,1404.758576, , , , , 
 ,1296.473221, , , , , 
 ,897.6681041, , , , , 
 ,616.6758267, , , , , 
 ,409.7571456, , , , , 
458.5877485, , , , , , 
500.5646141, , , , , , 
441.4321137, , , , , , 
589.4825944, , , , , , 
1206.711589, , , , , , 
891.3133542, , , , , , 
340.8148568, , , , , , 
189.9408295, , , , , , 
 ,54.70778254, , , , , 
 , , ,250.5479924, , , 
211.444018, , , , , , 
293.6860954, , , , , , 
 ,187.225985, , , , , 
 ,158.4973219, , , , , 
228.4072094, , , , , , 
519.1417721, , , , , , 
 , , , , , ,670.6962353
 , , , , , ,819.1660513
232.7915617, , , , , , 
565.4472405, , , , , , 
600.1143037, , , , , , 
 ,139.5619624, , , , , 
 ,0.221930025, , , , , 
10.44637234, , , , , , 
 , , , ,2.537594825, , 
0,0,0,0,0,0,0
0,0,0,0,0,0,0
0,0,0,0,0,0,0
0,0,0,0,0,0,0
0,0,0,0,0,0,0
0,0,0,0,0,0,0
0,0,0,0,0,0,0
0,0,0,0,0,0,0
0,0,0,0,0,0,0
0,0,0,0,0,0,0
0,0,0,0,0,0,0
0,0,0,0,0,0,0
 , , , ,0.334236306, , 
 , , ,0, , , 
 ,0.035695995, , , , , 
 , , ,0, , , 
0.021522144, , , , , , 
 , , ,0, , , 
 , , ,0.02423, , , 
 , , ,0, , , 
 ,0, , , , , 
 , , , , ,0.058463382, 
 , , , ,3.037765154, , 
 ,27.93275993, , , , , 
425.4209723, , , , , , 
199.8704714, , , , , , 
6.906588613, , , , , , 
 , , , ,5.454253924, , 
 , , ,0, , , 
12.60923131, , , , , , 
 , , , , , ,254.1016465
531.4333052, , , , , , 
 ,1124.890416, , , , , 
2004.338723, , , , , , 
1737.057608, , , , , , 
 ,1805.458065, , , , , 
 , , , , , ,1690.960878
1312.516863, , , , , , 
1531.675977, , , , , , 
 , , , , , ,595.919031
 , , , , , ,411.5787937
396.9641327, , , , , , 
360.4720411, , , , , , 
887.9346121, , , , , , 
660.9839693, , , , , , 
584.5252652, , , , , , 
219.0628208, , , , , , 
606.0274993, , , , , , 
581.5896132, , , , , , 
556.3877137, , , , , , 
698.7938898, , , , , , 
463.4610612, , , , , , 
405.0158792, , , , , , 
97.199645, , , , , , 
 ,95.42938972, , , , , 
216.0972897, , , , , , 
 , , , , , ,356.9285902
 , , , , , ,708.6786003
775.4498577, , , , , , 
383.8275636, , , , , , 
 ,256.6700765, , , , , 
 ,51.65171399, , , , , 
 , , , ,2.60055867, , 
 , , , ,0.517026432, , 
0,0,0,0,0,0,0
0,0,0,0,0,0,0
0,0,0,0,0,0,0
0,0,0,0,0,0,0
0,0,0,0,0,0,0
0,0,0,0,0,0,0
0,0,0,0,0,0,0
0,0,0,0,0,0,0
0,0,0,0,0,0,0
0,0,0,0,0,0,0
0,0,0,0,0,0,0
 , , ,0, , , 
 , , ,0, , , 
 , , ,0, , , 
 , , ,0, , , 
 , , ,0, , , 
 , , ,0.00686809, , , 
 , , ,0, , , 
 , , ,0.085787378, , , 
 , , ,0, , , 
 ,0, , , , , 
 ,0, , , , , 
 , , ,4.71167843, , , 
 , , , ,3.572677388, , 
 ,23.76232564, , , , , 
70.73794094, , , , , , 
195.4137048, , , , , , 
28.36704797, , , , , , 
23.59444861, , , , , , 
 , , , ,0.281393162, , 
 , , , ,0.454168449, , 
 , ,54.92561728, , , , 
 , ,229.1943629, , , , 
 ,794.5130571, , , , , 
 ,1092.271152, , , , , 
 ,1434.604381, , , , , 
2263.046046, , , , , , 
1858.693387, , , , , , 
1168.890619, , , , , , 
1393.137604, , , , , , 
1457.809054, , , , , , 
 , , , , , ,636.8357689
 ,698.806777, , , , , 
349.9436372, , , , , , 
 ,530.4882552, , , , , 
 ,443.8930644, , , , , 
 ,598.2901361, , , , , 
 , , ,551.8187922, , , 
628.6826109, , , , , , 
1135.78134, , , , , , 
912.6313001, , , , , , 
609.5758543, , , , , , 
456.9333994, , , , , , 
174.925272, , , , , , 
359.4324999, , , , , , 
352.918025, , , , , , 
253.1371805, , , , , , 
 ,121.4156993, , , , , 
661.716145, , , , , , 
370.7520786, , , , , , 
691.8069932, , , , , , 
 ,182.872218, , , , , 
 ,127.9694081, , , , , 
 , , , ,1.321064085, , 
 , , , ,5.080632242, , 
 , , ,0.000387298, , , 
0,0,0,0,0,0,0
0,0,0,0,0,0,0
0,0,0,0,0,0,0
0,0,0,0,0,0,0
0,0,0,0,0,0,0
0,0,0,0,0,0,0
0,0,0,0,0,0,0
0,0,0,0,0,0,0
0,0,0,0,0,0,0
 , , ,0, , , 
 , , ,0, , , 
 , , ,0, , , 
 , , ,0, , , 
 , , ,0.345224815, , , 
 , , ,0, , , 
 ,0.034301724, , , , , 
 , , ,0, , , 
 , , , ,0.028933388, , 
 , , ,0, , , 
 , , ,0.001226445, , , 
 , , ,0, , , 
 , , , ,2.073575391, , 
 , ,12.39570192, , , , 
145.7853178, , , , , , 
133.89118, , , , , , 
372.5325164, , , , , , 
 , , , , , ,156.9133484
 ,51.59850861, , , , , 
 , ,26.92660691, , , , 
 , , ,20.30798962, , , 
 , ,20.45055015, , , , 
 , ,81.66470687, , , , 
 ,662.0152787, , , , , 
 ,382.6106285, , , , , 
 ,1104.775957, , , , , 
979.6453975, , , , , , 
1653.17066, , , , , , 
1406.572532, , , , , , 
1184.372597, , , , , , 
726.6636624, , , , , , 
1076.81088, , , , , , 
 , , , , , ,750.5998054
 ,577.8045366, , , , , 
448.2194833, , , , , , 
 , , ,403.9484097, , , 
 ,563.836915, , , , , 
562.2745723, , , , , , 
441.7974885, , , , , , 
294.3890833, , , , , , 
474.9034156, , , , , , 
338.9874192, , , , , , 
479.3165679, , , , , , 
640.8260202, , , , , , 
627.2095797, , , , , , 
197.1263644, , , , , , 
361.3745984, , , , , , 
 , , , , , ,785.0487883
449.8974451, , , , , , 
 , , , , , ,282.7178072
 , , , , , ,287.7505778
505.5673971, , , , , , 
 ,145.2215643, , , , , 
 , ,20.89316586, , , , 
 , , , ,2.668241, , 
 , , , ,0.451674677, , 
 , , ,0.11870091, , , 
 , , ,0, , , 
0,0,0,0,0,0,0
0,0,0,0,0,0,0
0,0,0,0,0,0,0
0,0,0,0,0,0,0
0,0,0,0,0,0,0
0,0,0,0,0,0,0
0,0,0,0,0,0,0
 , , ,0, , , 
 , , ,0, , , 
 , , , ,0.036577285, , 
 , , ,0, , , 
 ,2.360598303, , , , , 
 , , , ,0.067180133, , 
 , , ,0.055134994, , , 
 ,0.512246406, , , , , 
 , , , ,0.014610575, , 
 , , ,0, , , 
 , , ,4.697371479, , , 
 , , , , , ,4.19987885
7.559059911, , , , , , 
 , , , , , ,9.026236468
34.88725731, , , , , , 
119.2139466, , , , , , 
73.0449865, , , , , , 
147.3909449, , , , , , 
 ,110.9079265, , , , , 
 , ,37.15018665, , , , 
 , ,18.61345492, , , , 
 , ,84.36964437, , , , 
 , , ,260.6153728, , , 
618.5375192, , , , , , 
555.3821341, , , , , , 
599.5935156, , , , , , 
 ,1445.476064, , , , , 
1234.73337, , , , , , 
922.2005693, , , , , , 
1472.185652, , , , , , 
 , , , , , ,1258.529821
 , , , , , ,806.0495392
547.0368239, , , , , , 
 ,485.9543983, , , , , 
 ,595.1281081, , , , , 
 , ,601.709169, , , , 
 , , ,469.3876054, , , 
 , , ,324.8863374, , , 
 ,383.7521096, , , , , 
294.0099429, , , , , , 
494.7596517, , , , , , 
685.9453705, , , , , , 
821.6927671, , , , , , 
477.8217835, , , , , , 
448.2004913, , , , , , 
212.8824614, , , , , , 
 ,164.1066829, , , , , 
 ,465.7454583, , , , , 
690.3033738, , , , , , 
302.8393276, , , , , , 
 ,275.3069106, , , , , 
 , , , , , ,232.4909127
 ,176.624164, , , , , 
 , , ,121.3241942, , , 
 , ,20.23059643, , , , 
 , ,29.74082073, , , , 
 ,0.804925717, , , , , 
 , , ,0.010418326, , , 
0,0,0,0,0,0,0
0,0,0,0,0,0,0
0,0,0,0,0,0,0
0,0,0,0,0,0,0
0,0,0,0,0,0,0
0,0,0,0,0,0,0
 , , ,0, , , 
 , , ,0, , , 
 , , ,0, , , 
 , , , ,0.104094335, , 
 , , , ,1.208727666, , 
 , , , ,11.82558015, , 
 ,4.335470692, , , , , 
5.631648486, , , , , , 
87.13851089, , , , , , 
16.05337226, , , , , , 
 , ,19.63893564, , , , 
 , ,22.73664281, , , , 
 , , , ,15.31336731, , 
 , , , , , ,11.23407751
42.72311525, , , , , , 
 ,13.14344447, , , , , 
 , , , , , ,63.96608721
 ,110.3647887, , , , , 
48.9292791, , , , , , 
 , , , , , ,41.90438611
 , ,50.89427116, , , , 
 , ,68.43165551, , , , 
 , , ,221.917348, , , 
 , , , , , ,397.1330985
 ,898.5559156, , , , , 
725.5076681, , , , , , 
1063.997095, , , , , , 
1147.829191, , , , , , 
1454.645395, , , , , , 
 ,938.1786638, , , , , 
1363.822965, , , , , , 
 , , , , , ,1032.016244
1232.613718, , , , , , 
1336.152103, , , , , , 
762.6487974, , , , , , 
616.1881021, , , , , , 
 ,746.2963318, , , , , 
701.7733005, , , , , , 
 ,626.3726215, , , , , 
 , ,276.5813544, , , , 
 ,265.7542361, , , , , 
396.1569807, , , , , , 
 , , , , , ,410.1837201
430.1539354, , , , , , 
482.1763133, , , , , , 
501.1232587, , , , , , 
 , , , , , ,720.0257528
244.2540969, , , , , , 
 ,206.629043, , , , , 
849.5660784, , , , , , 
 , , , , , ,1028.423259
440.0479342, , , , , , 
 ,234.0944603, , , , , 
 , , , , , ,167.2095961
 , ,259.2452511, , , , 
 , , , , , ,208.7022001
 , ,69.66869782, , , , 
 , ,26.42105392, , , , 
 , , ,0.104196162, , , 
0,0,0,0,0,0,0
0,0,0,0,0,0,0
0,0,0,0,0,0,0
0,0,0,0,0,0,0
 , , ,0, , , 
 , , ,0, , , 
 , , ,0, , , 
 , , ,0, , , 
 , , ,0, , , 
 , , ,0, , , 
 ,16.40182191, , , , , 
71.38353899, , , , , , 
27.10273792, , , , , , 
 , , , ,2.231687035, , 
 , , , ,11.62588721, , 
 , , , ,8.851332537, , 
 , , , ,12.30198418, , 
 , ,43.32531635, , , , 
 ,60.52458321, , , , , 
 ,35.12974112, , , , , 
79.07796667, , , , , , 
62.32351603, , , , , , 
74.17183467, , , , , , 
56.48881115, , , , , , 
 , ,29.76343908, , , , 
 , , , , , ,80.95339451
253.1598061, , , , , , 
222.6084264, , , , , , 
 , , , , , ,768.1899578
 , , , , , ,1076.560799
1125.235871, , , , , , 
1100.401238, , , , , , 
 , , , , , ,1071.044902
1256.375916, , , , , , 
1181.080993, , , , , , 
1240.376203, , , , , , 
1078.655046, , , , , , 
1085.223836, , , , , , 
 ,1138.409711, , , , , 
 , , , , , ,1366.136003
 , , , , , ,1284.599119
 , , , , , ,1031.810027
903.4263922, , , , , , 
728.8140875, , , , , , 
 ,684.0775855, , , , , 
 ,722.648347, , , , , 
 ,435.6311153, , , , , 
295.0711364, , , , , , 
269.2488544, , , , , , 
214.1105291, , , , , , 
327.7062755, , , , , , 
404.0248054, , , , , , 
 , , , , , ,348.7184992
258.8125051, , , , , , 
539.0297613, , , , , , 
608.1143059, , , , , , 
 , , , , , ,1844.985947
1311.585574, , , , , , 
 , , , , , ,509.0216641
 , , , , , ,149.0372976
 , , , , , ,414.5047867
 , ,281.2002147, , , , 
 , , , , , ,250.7993428
 , ,207.9961013, , , , 
 , ,57.23973771, , , , 
 ,0, , , , , 
0,0,0,0,0,0,0
0,0,0,0,0,0,0
0,0,0,0,0,0,0
 , , ,0, , , 
 , , ,0, , , 
 , , ,0, , , 
 , , ,0, , , 
 , , ,0, , , 
 ,3.615736886, , , , , 
39.57028758, , , , , , 
 , ,21.10888453, , , , 
 , , ,0, , , 
 , , , ,2.884182551, , 
 , , , ,3.887994976, , 
 , ,50.8650843, , , , 
 , ,51.34658361, , , , 
93.86315607, , , , , , 
 ,114.8350522, , , , , 
163.4212786, , , , , , 
63.32766967, , , , , , 
14.76550423, , , , , , 
 , , , , , ,100.1805898
70.90688038, , , , , , 
145.989796, , , , , , 
212.4592366, , , , , , 
190.6101521, , , , , , 
 ,380.7162194, , , , , 
632.2096935, , , , , , 
782.4071589, , , , , , 
 ,578.0688069, , , , , 
 ,576.484973, , , , , 
 ,508.7845797, , , , , 
1181.674057, , , , , , 
1584.555741, , , , , , 
1257.252958, , , , , , 
1548.459152, , , , , , 
1614.535629, , , , , , 
 , , , , , ,1138.122653
 ,1009.711879, , , , , 
1313.079628, , , , , , 
1196.990446, , , , , , 
 , , , , , ,1404.527932
1193.410773, , , , , , 
1000.238064, , , , , , 
 , , , , ,1378.061736, 
627.691846, , , , , , 
591.3501434, , , , , , 
 ,569.8054928, , , , , 
 , , , , , ,400.9095802
 , , , , , ,427.9643182
 , , , , , ,511.5740416
337.9795861, , , , , , 
239.8085197, , , , , , 
 , , , , , ,684.1066425
862.1978887, , , , , , 
 , , , , , ,811.4435549
681.2798321, , , , , , 
439.1875633, , , , , , 
 ,190.037553, , , , , 
 , , , , , ,128.8951107
 , ,50.49991876, , , , 
 , ,329.3395808, , , , 
292.0558705, , , , , , 
 , ,116.8505986, , , , 
 , , , ,0.867002303, , 
0,0,0,0,0,0,0
0,0,0,0,0,0,0
0,0,0,0,0,0,0
 , , ,0, , , 
 , , , ,0.001469169, , 
 , , ,0.093635786, , , 
 , , , , ,5.361924521, 
 ,4.95697872, , , , , 
 , , , ,2.271913297, , 
 , , , ,1.45319384, , 
 , , , ,0.391252316, , 
 , , , , ,9.415951969, 
 , , , , , ,21.55502044
 , , , ,5.615700149, , 
 , , , , , ,13.07197872
 , , , , , ,22.63829556
 , ,40.57371551, , , , 
75.15431063, , , , , , 
234.3135302, , , , , , 
 ,57.55978603, , , , , 
16.28756352, , , , , , 
81.05016896, , , , , , 
239.543213, , , , , , 
202.5364693, , , , , , 
 ,164.7842065, , , , , 
165.8278181, , , , , , 
 ,273.1334574, , , , , 
555.2566537, , , , , , 
214.648043, , , , , , 
 ,366.4338984, , , , , 
 ,619.1417305, , , , , 
 ,284.4207928, , , , , 
 ,608.0232418, , , , , 
1622.791504, , , , , , 
2205.289561, , , , , , 
2188.755513, , , , , , 
1327.531218, , , , , , 
 ,1429.931973, , , , , 
 ,1232.585845, , , , , 
 ,1520.039002, , , , , 
 , , , , , ,1533.046466
 , , , , , ,1501.629249
 , , , , , ,1873.13235
 , , , , , ,1583.213842
 , , , , , ,1902.494847
 ,751.9785575, , , , , 
771.9812382, , , , , , 
610.6445806, , , , , , 
 ,455.6825703, , , , , 
 , , , , , ,734.1698807
364.2924996, , , , , , 
385.8079226, , , , , , 
407.0597902, , , , , , 
618.837884, , , , , , 
1060.733282, , , , , , 
690.8184392, , , , , , 
555.4100021, , , , , , 
 ,460.9359435, , , , , 
513.4051799, , , , , , 
495.4930383, , , , , , 
 , , , , , ,323.4787755
 , , , ,281.642468, , 
207.1396716, , , , , , 
 , , , , , ,25.71765289
 ,0, , , , , 
0,0,0,0,0,0,0
0,0,0,0,0,0,0
0,0,0,0,0,0,0
 , , ,0, , , 
 , , ,0, , , 
 , , ,0, , , 
13.66262803, , , , , , 
 ,2.353374095, , , , , 
 , , , ,2.727651209, , 
 , , , , , ,51.27156869
 , , , , , ,75.69870146
 , ,49.88295797, , , , 
 , , , , , ,4.468952213
 , , , , , ,28.28447841
 ,106.0056571, , , , , 
 , , ,95.50882704, , , 
 , ,56.96558257, , , , 
 , ,38.151254, , , , 
68.00577017, , , , , , 
79.12241416, , , , , , 
 ,217.1149026, , , , , 
288.1398519, , , , , , 
160.5260327, , , , , , 
57.62883478, , , , , , 
118.5948933, , , , , , 
 ,162.145214, , , , , 
 , ,91.93103471, , , , 
 , ,157.4166506, , , , 
 ,226.3992688, , , , , 
 ,245.1365351, , , , , 
 ,537.0689388, , , , , 
 ,356.169834, , , , , 
 ,549.8734955, , , , , 
 ,723.4481458, , , , , 
2083.172179, , , , , , 
2167.585589, , , , , , 
1602.885269, , , , , , 
 ,1143.833534, , , , , 
 , , , , ,963.8706484, 
 ,901.2021523, , , , , 
 ,1062.004391, , , , , 
 , , , , , ,1334.496409
 , , , , , ,1507.687855
 , , , , , ,1852.482347
 , , , , , ,1533.533976
 , , , , , ,1455.200571
 , , , , , ,1034.275281
 , , , , , ,729.2208905
 ,937.3570967, , , , , 
 , , , , , ,580.5349958
 ,393.6805885, , , , , 
422.4279891, , , , , , 
493.3306128, , , , , , 
 , , , , , ,418.8993447
 ,460.8691314, , , , , 
 ,807.1962024, , , , , 
 , , , , , ,369.6142338
 , , , , , ,341.3482037
 ,795.5028619, , , , , 
386.2292458, , , , , , 
 ,245.8876149, , , , , 
 ,310.9327822, , , , , 
247.4241616, , , , , , 
147.5681648, , , , , , 
 , , ,0, , , 
0,0,0,0,0,0,0
0,0,0,0,0,0,0
 , , ,0, , , 
 , , ,0, , , 
 , , ,0, , , 
 , , , ,0.32564649, , 
 ,7.818482943, , , , , 
 , , , ,9.598459506, , 
 , ,28.46293673, , , , 
174.3050157, , , , , , 
 ,53.62925727, , , , , 
 , , , ,17.92808287, , 
 , , , ,5.480594575, , 
 , ,54.19409281, , , , 
 , ,55.80210232, , , , 
 ,151.9085392, , , , , 
 ,207.2718404, , , , , 
 ,213.0839893, , , , , 
 , , , , , ,274.0047817
63.57764169, , , , , , 
215.8321108, , , , , , 
293.2875039, , , , , , 
135.4859023, , , , , , 
74.36123042, , , , , , 
160.7267997, , , , , , 
 ,278.2274391, , , , , 
 , , ,258.8187445, , , 
 , , ,121.943352, , , 
423.0324559, , , , , , 
 ,343.4740926, , , , , 
 ,322.1425803, , , , , 
 ,785.9764995, , , , , 
 ,746.1983568, , , , , 
 ,1064.660686, , , , , 
 ,1143.34067, , , , , 
1887.979197, , , , , , 
1187.189636, , , , , , 
1586.237471, , , , , , 
 ,1060.180486, , , , , 
 , , , , ,984.5545043, 
 ,901.8269823, , , , , 
 , , , , , ,1258.626076
 , , , , , ,1424.5688
 , , , , , ,955.7283436
879.5551426, , , , , , 
992.8539045, , , , , , 
 ,1035.352964, , , , , 
 ,745.1282646, , , , , 
 ,673.5272156, , , , , 
 ,993.4444888, , , , , 
818.2820874, , , , , , 
 ,714.9691761, , , , , 
 , , , , , ,507.6291854
493.6989006, , , , , , 
546.918781, , , , , , 
 , , , , , ,668.7477518
 , , , , , ,601.2112157
 ,394.2669336, , , , , 
 , , , , , ,467.5379664
304.3265867, , , , , , 
167.5513823, , , , , , 
 , ,148.2634753, , , , 
 ,54.49365359, , , , , 
17.33717596, , , , , , 
0,0,0,0,0,0,0
0,0,0,0,0,0,0
0,0,0,0,0,0,0
 , , ,0, , , 
 , , ,0, , , 
 ,2.267898737, , , , , 
 ,14.8914622, , , , , 
90.62223551, , , , , , 
 , , , , , ,42.71935906
188.6047447, , , , , , 
165.9271726, , , , , , 
 ,19.73841409, , , , , 
 , , ,0, , , 
 , , , ,5.252525514, , 
 , , , ,1.855414834, , 
 , , , ,5.371776624, , 
 , , , , ,208.2199997, 
 ,185.2308595, , , , , 
222.0674381, , , , , , 
 ,176.4209356, , , , , 
145.8309809, , , , , , 
 ,159.4701943, , , , , 
281.0662848, , , , , , 
 ,275.3990577, , , , , 
150.2284149, , , , , , 
185.0542623, , , , , , 
319.0016706, , , , , , 
288.8686847, , , , , , 
 ,184.6513144, , , , , 
434.9208167, , , , , , 
 ,353.1348297, , , , , 
435.6096474, , , , , , 
624.7600749, , , , , , 
 , , , , , ,1446.460616
1947.839167, , , , , , 
 , , , , , ,1550.807768
1416.478196, , , , , , 
1625.817655, , , , , , 
 ,1815.276008, , , , , 
 ,1100.275267, , , , , 
 , , , , , ,1252.278317
 , , , , , ,1141.882715
 , , , , , ,1184.948719
 , , , , , ,829.2373605
 , , , , , ,758.3006
 , , , , , ,1045.370385
 , , , , , ,1013.026228
 , , , , , ,1311.120731
1154.622042, , , , , , 
806.2185814, , , , , , 
 ,903.5575119, , , , , 
670.9778034, , , , , , 
896.9963124, , , , , , 
667.5617083, , , , , , 
571.5740929, , , , , , 
474.994431, , , , , , 
594.5711413, , , , , , 
 , , , , , ,472.9183184
 , , , , , ,353.3010305
 ,409.916587, , , , , 
 ,361.9862815, , , , , 
 , , ,136.4301203, , , 
99.51945209, , , , , , 
 ,38.11340779, , , , , 
 , , ,3.688293782, , , 
 , , ,0.083785538, , , 
0,0,0,0,0,0,0
0,0,0,0,0,0,0
 , , , ,0.256535887, , 
 , , , ,2.269738072, , 
53.8039481, , , , , , 
185.5285198, , , , , , 
167.3844155, , , , , , 
 , , , , , ,103.826029
194.474787, , , , , , 
126.8650477, , , , , , 
 , , ,9.874965516, , , 
 , , ,1.189983284, , , 
 , , , ,0.619267833, , 
 , , , ,0.572828008, , 
 , , , ,6.942533458, , 
 , , , , ,87.82005729, 
152.1258662, , , , , , 
268.6585439, , , , , , 
92.39177271, , , , , , 
62.1750786, , , , , , 
240.7613317, , , , , , 
284.2466794, , , , , , 
 ,277.0027001, , , , , 
 ,338.0597722, , , , , 
151.5103542, , , , , , 
310.668247, , , , , , 
 ,351.338447, , , , , 
 ,200.4460461, , , , , 
433.3007758, , , , , , 
 ,348.2905514, , , , , 
354.3953488, , , , , , 
 ,634.8623623, , , , , 
1039.110836, , , , , , 
1655.949318, , , , , , 
2172.042863, , , , , , 
1531.080185, , , , , , 
1564.153741, , , , , , 
 ,1275.516645, , , , , 
 ,618.1167158, , , , , 
 ,730.7154721, , , , , 
948.2958922, , , , , , 
1084.657241, , , , , , 
781.5886236, , , , , , 
501.5558761, , , , , , 
 ,675.9702158, , , , , 
841.1084095, , , , , , 
599.283643, , , , , , 
858.1180956, , , , , , 
871.0408966, , , , , , 
 , , , , , ,745.4076306
 ,777.9444302, , , , , 
 ,776.4796573, , , , , 
661.6468336, , , , , , 
 , , , , , ,465.5690704
437.1391945, , , , , , 
 ,529.3740198, , , , , 
 , , , ,543.3945972, , 
 , , , , , ,461.8183866
 , , , , , ,524.4024998
 , , ,387.9227667, , , 
302.5789377, , , , , , 
 ,199.179025, , , , , 
 , , ,46.37936928, , , 
 , , , ,11.46258715, , 
 , , ,0, , , 
0,0,0,0,0,0,0
0,0,0,0,0,0,0
 , , ,0.146049857, , , 
53.04438373, , , , , , 
 ,38.47975724, , , , , 
102.2481181, , , , , , 
148.4882888, , , , , , 
 , , , , , ,202.2919599
247.5470451, , , , , , 
 ,173.2704235, , , , , 
 , , , , , ,69.24527713
 , ,47.8403663, , , , 
 ,87.54440491, , , , , 
 ,93.72090945, , , , , 
 , , , ,4.687910064, , 
 , , , , ,35.15802859, 
91.54188561, , , , , , 
275.6976423, , , , , , 
 , , , , , ,346.4659943
 ,102.8938838, , , , , 
 , , , , ,120.7839326, 
 ,245.5817009, , , , , 
 , , , , ,225.123963, 
 ,135.5273377, , , , , 
247.3919013, , , , , , 
324.3786583, , , , , , 
 ,589.6006503, , , , , 
 ,234.6874682, , , , , 
518.8995319, , , , , , 
213.067651, , , , , , 
 ,516.0833423, , , , , 
766.8392639, , , , , , 
 ,901.9184953, , , , , 
 ,968.5278148, , , , , 
1800.744427, , , , , , 
1926.159078, , , , , , 
1359.15376, , , , , , 
 ,984.8510496, , , , , 
 ,602.995719, , , , , 
 ,654.2711201, , , , , 
 ,845.5607918, , , , , 
 ,699.4763363, , , , , 
 ,586.5335886, , , , , 
566.3296137, , , , , , 
 , , , , , ,561.9326819
703.4504238, , , , , , 
675.1363716, , , , , , 
613.9836773, , , , , , 
548.9509454, , , , , , 
597.2700612, , , , , , 
 ,730.7874603, , , , , 
672.8862128, , , , , , 
541.6175235, , , , , , 
480.2098714, , , , , , 
427.4642618, , , , , , 
 , , , ,502.8307859, , 
 , ,310.0011853, , , , 
 , , , ,302.1352077, , 
 , , , , , ,336.6947733
 , , ,303.7243316, , , 
 ,320.2276108, , , , , 
 , , , , ,153.2177421, 
 , ,44.6693822, , , , 
 , , , , ,90.22268939, 
43.10447429, , , , , , 
 , , ,0, , , 
0,0,0,0,0,0,0
 ,0.011212449, , , , , 
41.16319628, , , , , , 
 ,75.16995096, , , , , 
120.5853285, , , , , , 
171.4959323, , , , , , 
 ,179.0360024, , , , , 
331.5893012, , , , , , 
 ,185.6115674, , , , , 
 , , , , , ,65.9935353
 , , , , , ,87.03273809
188.1928487, , , , , , 
271.4544219, , , , , , 
99.3374115, , , , , , 
90.72273092, , , , , , 
120.0194078, , , , , , 
101.3129454, , , , , , 
 ,285.0830477, , , , , 
 ,216.0686086, , , , , 
 , , , , ,87.61926107, 
 , , , , ,46.81918072, 
 , ,55.82056438, , , , 
 , ,44.47259021, , , , 
 ,288.8629908, , , , , 
570.6579692, , , , , , 
 ,738.8663624, , , , , 
 , , , , , ,509.3062638
333.2874499, , , , , , 
318.7027385, , , , , , 
 ,560.5923596, , , , , 
 ,590.1511822, , , , , 
781.5853939, , , , , , 
1010.467605, , , , , , 
1758.572398, , , , , , 
1561.752551, , , , , , 
1567.858779, , , , , , 
889.1481245, , , , , , 
 ,514.1399176, , , , , 
594.5303104, , , , , , 
619.8485887, , , , , , 
 , , , , , ,640.7637439
 ,472.6199247, , , , , 
 ,562.6749434, , , , , 
 ,558.5082995, , , , , 
455.0172716, , , , , , 
460.1731445, , , , , , 
 ,777.7687298, , , , , 
591.9046328, , , , , , 
744.8065003, , , , , , 
564.0543305, , , , , , 
410.5738793, , , , , , 
264.9141455, , , , , , 
284.097386, , , , , , 
349.5875196, , , , , , 
582.4653852, , , , , , 
 , ,225.7673552, , , , 
 , ,104.2848051, , , , 
 , ,196.7217787, , , , 
 , ,269.2046946, , , , 
 , ,116.7979991, , , , 
 , ,103.4241997, , , , 
228.6818914, , , , , , 
 , , , , ,191.7289408, 
 , ,73.29838811, , , , 
 , ,1.314555625, , , , 
0,0,0,0,0,0,0
11.73782011, , , , , , 
53.29223224, , , , , , 
86.42677328, , , , , , 
98.64087429, , , , , , 
171.2341751, , , , , , 
 , , , , , ,146.3357883
 , , , , , ,520.9866033
 ,186.7231838, , , , , 
 , , ,142.4788932, , , 
103.4226628, , , , , , 
149.5774245, , , , , , 
254.0411565, , , , , , 
249.9116721, , , , , , 
91.63702502, , , , , , 
 , , , , , ,116.4590707
 ,138.98946, , , , , 
 ,178.3069127, , , , , 
 ,168.0561103, , , , , 
 ,105.5330383, , , , , 
 , , , , ,146.0978829, 
 ,231.1465753, , , , , 
 ,331.9960374, , , , , 
 ,126.6309467, , , , , 
 ,250.0639821, , , , , 
 ,370.7713816, , , , , 
 ,422.8130117, , , , , 
505.5874986, , , , , , 
442.743005, , , , , , 
596.3425768, , , , , , 
939.6465256, , , , , , 
1412.369672, , , , , , 
512.155499, , , , , , 
1074.370627, , , , , , 
 ,932.9874502, , , , , 
697.6919763, , , , , , 
964.964733, , , , , , 
490.1577465, , , , , , 
605.4741333, , , , , , 
623.3766763, , , , , , 
 , , , , , ,593.9086273
 , , , , , ,511.0648361
 , , , , , ,439.4801396
471.6782392, , , , , , 
 ,439.6931499, , , , , 
 , , , , , ,407.816551
 , , , , , ,506.7168835
 , , , , , ,524.1736694
568.9103077, , , , , , 
 , , , , , ,369.7218015
 , , , , , ,344.1447106
242.5096264, , , , , , 
 ,211.9661168, , , , , 
 ,175.647021, , , , , 
 ,250.6210019, , , , , 
251.7901565, , , , , , 
 , , ,236.2657011, , , 
 ,363.4786636, , , , , 
 ,249.3001126, , , , , 
 , , , , , ,434.3756439
283.4675204, , , , , , 
100.1684138, , , , , , 
50.06754224, , , , , , 
 , ,26.92739685, , , , 
5.031602144, , , , , , 
 , , ,0, , , 
34.25588706, , , , , , 
85.03828569, , , , , , 
231.2794793, , , , , , 
153.2342084, , , , , , 
 ,233.9270472, , , , , 
447.6565375, , , , , , 
279.4136493, , , , , , 
 , , ,123.7300447, , , 
 , , , , , ,122.8998427
 ,52.38104195, , , , , 
 ,110.9296876, , , , , 
219.3347575, , , , , , 
237.188395, , , , , , 
 , ,90.4113064, , , , 
 ,133.841257, , , , , 
 ,180.1962186, , , , , 
 ,160.7438879, , , , , 
 ,184.6842015, , , , , 
 ,100.2012408, , , , , 
 ,147.7307501, , , , , 
419.1720076, , , , , , 
294.5257337, , , , , , 
 ,195.8230031, , , , , 
 ,116.5017006, , , , , 
 ,184.4043372, , , , , 
494.5812475, , , , , , 
 , , , , , ,564.9908951
721.9489393, , , , , , 
824.7001107, , , , , , 
 ,1031.39959, , , , , 
1133.391847, , , , , , 
538.4865101, , , , , , 
 ,462.714817, , , , , 
 ,527.2128536, , , , , 
 ,735.0482465, , , , , 
 ,872.1095784, , , , , 
 ,570.681147, , , , , 
403.3654138, , , , , , 
 ,404.62835, , , , , 
 , , , , , ,577.002271
 , , , , , ,466.8086386
 , , , , , ,374.5130523
 ,402.38589, , , , , 
522.4487465, , , , , , 
 , , , , , ,529.5301294
 , , , , , ,600.5518069
573.6070114, , , , , , 
427.6994632, , , , , , 
256.8181896, , , , , , 
202.312042, , , , , , 
231.9504006, , , , , , 
330.3576757, , , , , , 
295.1740519, , , , , , 
261.9695232, , , , , , 
266.2818283, , , , , , 
 , , ,210.8300407, , , 
 ,222.1039647, , , , , 
 ,162.5599958, , , , , 
 ,124.6870992, , , , , 
159.6471793, , , , , , 
 , , , , , ,326.8428521
181.3042955, , , , , , 
45.19856736, , , , , , 
49.20407768, , , , , , 
 , , , ,0.376924195, , 
33.72317174, , , , , , 
 , , , , , ,116.2740387
285.3323779, , , , , , 
 , , , , , ,272.4212271
271.7744425, , , , , , 
325.9028699, , , , , , 
93.47566681, , , , , , 
 , , ,29.02890736, , , 
 , ,43.41764554, , , , 
 , , , ,12.21685795, , 
 ,92.92008763, , , , , 
152.7400727, , , , , , 
146.4101987, , , , , , 
 ,66.91684258, , , , , 
 ,139.7437618, , , , , 
188.9865847, , , , , , 
377.9909524, , , , , , 
 ,181.5330921, , , , , 
 ,125.3608193, , , , , 
 , , , , ,135.5439388, 
 ,457.2693195, , , , , 
 , , , , , ,422.9651943
353.0460854, , , , , , 
 ,54.6111559, , , , , 
 ,95.24764612, , , , , 
 , , , , , ,494.8131695
846.6580061, , , , , , 
992.0932746, , , , , , 
 ,448.0710477, , , , , 
426.4531386, , , , , , 
 ,459.6145641, , , , , 
 ,324.6359106, , , , , 
 ,471.6528529, , , , , 
 ,378.0294437, , , , , 
 ,499.2075374, , , , , 
 ,670.5520538, , , , , 
 ,527.0927844, , , , , 
 ,323.7379152, , , , , 
 ,269.853389, , , , , 
 ,251.7333301, , , , , 
 , , , , , ,400.3505361
 , , ,312.3918224, , , 
 ,270.0562511, , , , , 
 , , , , , ,283.2139052
 , , , , , ,293.282634
 ,609.1934914, , , , , 
226.7673381, , , , , , 
 , , , , , ,479.4132379
 , , , , , ,349.0866026
249.1232931, , , , , , 
298.6191231, , , , , , 
 ,226.5430384, , , , , 
 , , , , , ,290.8703397
202.5206795, , , , , , 
 ,195.7117833, , , , , 
 ,213.1188907, , , , , 
335.0331348, , , , , , 
293.0843264, , , , , , 
 ,277.9475277, , , , , 
 ,300.9725385, , , , , 
 , , , , , ,182.8590709
 ,122.2760589, , , , , 
 , ,40.69304763, , , , 
27.51209713, , , , , , 
1.217204808, , , , , , 
 ,49.88293573, , , , , 
101.9692724, , , , , , 
273.220317, , , , , , 
 , , , , , ,242.0569062
197.4093649, , , , , , 
 ,152.370215, , , , , 
111.8731082, , , , , , 
 , , ,51.84779755, , , 
 , , ,13.95844807, , , 
 , , , ,0.239610729, , 
 , , ,8.329559787, , , 
 ,63.34926629, , , , , 
123.5461104, , , , , , 
 ,99.7574133, , , , , 
117.8089424, , , , , , 
 ,178.1141988, , , , , 
195.0187898, , , , , , 
279.6109416, , , , , , 
133.4717105, , , , , , 
80.71016086, , , , , , 
 ,191.5324581, , , , , 
 , , , , , ,212.1801059
151.0963114, , , , , , 
29.47122726, , , , , , 
30.41648281, , , , , , 
230.2509125, , , , , , 
 ,452.3196919, , , , , 
541.2449209, , , , , , 
 ,389.6489497, , , , , 
320.6843428, , , , , , 
267.3811049, , , , , , 
 ,291.3313772, , , , , 
299.4210392, , , , , , 
 ,389.6393062, , , , , 
 ,401.0588008, , , , , 
431.9427554, , , , , , 
552.9377673, , , , , , 
 ,438.3988293, , , , , 
 , ,221.8577601, , , , 
 , ,181.5403429, , , , 
 ,204.2449949, , , , , 
 ,250.2811133, , , , , 
 , , ,206.9963443, , , 
 , , , , , ,413.2990353
 , , , , , ,286.9635414
 ,347.256844, , , , , 
422.527391, , , , , , 
436.0141239, , , , , , 
294.9475198, , , , , , 
180.721385, , , , , , 
329.1447279, , , , , , 
 , , , , , ,288.8893695
299.5475257, , , , , , 
161.2475661, , , , , , 
156.3249612, , , , , , 
190.4840104, , , , , , 
171.5407348, , , , , , 
236.8613101, , , , , , 
 ,323.6449912, , , , , 
338.212759, , , , , , 
 ,195.2105221, , , , , 
 ,196.1366982, , , , , 
92.60078742, , , , , , 
 ,3.972864413, , , , , 
 , ,0.02080866, , , , 
 ,10.51738736, , , , , 
 ,49.65993871, , , , , 
96.57051576, , , , , , 
211.3286635, , , , , , 
237.7717271, , , , , , 
 ,196.6097926, , , , , 
193.873812, , , , , , 
 , , ,127.3231788, , , 
 , ,46.17998107, , , , 
 , , , ,0.270454514, , 
 , ,19.0222725, , , , 
 ,45.01862306, , , , , 
 , , , , , ,48.75420083
66.61149695, , , , , , 
126.0227349, , , , , , 
107.1614884, , , , , , 
174.8988813, , , , , , 
220.1115031, , , , , , 
117.383096, , , , , , 
23.06043356, , , , , , 
76.14802067, , , , , , 
 , , , , , ,149.8929774
132.9558201, , , , , , 
20.2942273, , , , , , 
23.94100609, , , , , , 
 ,149.6727163, , , , , 
 ,252.5224145, , , , , 
 ,422.6502013, , , , , 
 ,188.2384024, , , , , 
468.9772266, , , , , , 
 ,449.38875, , , , , 
 , , , , , ,153.8883985
 , , , , , ,248.4068862
 , ,264.2023654, , , , 
 ,893.3111659, , , , , 
 ,585.4180243, , , , , 
 ,486.7680362, , , , , 
 , , , , , ,271.7160265
 , ,161.9962205, , , , 
 , ,156.338697, , , , 
 ,181.2581679, , , , , 
 ,396.3714874, , , , , 
329.8341097, , , , , , 
 ,267.022466, , , , , 
 ,295.0004884, , , , , 
 ,377.7217817, , , , , 
460.8566975, , , , , , 
333.9304714, , , , , , 
201.7567798, , , , , , 
342.8260278, , , , , , 
521.2645025, , , , , , 
465.963096, , , , , , 
339.8149521, , , , , , 
326.4188578, , , , , , 
220.290925, , , , , , 
199.2120044, , , , , , 
246.0396233, , , , , , 
190.9665997, , , , , , 
141.6839254, , , , , , 
184.3915576, , , , , , 
 , , , , , ,347.1091754
299.6131489, , , , , , 
105.4169673, , , , , , 
6.821129494, , , , , , 
0,0,0,0,0,0,0
 , , ,0.055486942, , , 
 ,8.721180264, , , , , 
 ,39.28824501, , , , , 
50.82047066, , , , , , 
 ,102.0629157, , , , , 
185.007884, , , , , , 
 ,213.5482429, , , , , 
 , ,108.8121233, , , , 
 , ,40.46962045, , , , 
 , , , ,0.735284889, , 
52.19016614, , , , , , 
 ,97.12860136, , , , , 
74.95564068, , , , , , 
83.72019565, , , , , , 
12.6917113, , , , , , 
23.15032785, , , , , , 
71.15792649, , , , , , 
270.2129529, , , , , , 
 ,17.87171371, , , , , 
 ,160.4322977, , , , , 
 , , , , , ,300.4025771
 , , , , , ,387.9498701
205.5151879, , , , , , 
104.1319373, , , , , , 
6.514872932, , , , , , 
134.4728496, , , , , , 
 ,186.1583323, , , , , 
 ,196.6690173, , , , , 
 ,140.4044544, , , , , 
415.363785, , , , , , 
375.5143007, , , , , , 
 , , , , , ,195.2609365
 , ,108.0664054, , , , 
 ,106.223002, , , , , 
455.075805, , , , , , 
329.042611, , , , , , 
 , , , , , ,242.8744823
 , , , , , ,232.5353816
 ,201.6283972, , , , , 
 , , ,129.5863883, , , 
 , , , , ,159.2044892, 
 ,184.4660436, , , , , 
174.4862353, , , , , , 
263.6586995, , , , , , 
 ,251.7753644, , , , , 
 ,163.372798, , , , , 
 ,216.242434, , , , , 
289.1967645, , , , , , 
 ,294.5314701, , , , , 
 ,231.8128209, , , , , 
317.2810658, , , , , , 
411.5546746, , , , , , 
385.2471696, , , , , , 
265.2968073, , , , , , 
202.9786042, , , , , , 
231.7286338, , , , , , 
266.3035199, , , , , , 
202.6271217, , , , , , 
198.5046149, , , , , , 
166.5759829, , , , , , 
 ,247.9165474, , , , , 
 , ,250.7555342, , , , 
77.10168677, , , , , , 
2.569536065, , , , , , 
0,0,0,0,0,0,0
 , , ,0, , , 
 , , ,0, , , 
 ,0.44450692, , , , , 
 , , , ,1.007805634, , 
 , , , , ,34.89343539, 
95.95567805, , , , , , 
 ,226.2768728, , , , , 
 ,203.4474627, , , , , 
 ,95.83356408, , , , , 
 , , ,8.900963386, , , 
62.58343599, , , , , , 
 ,43.87020963, , , , , 
 ,61.95192257, , , , , 
 , , ,73.40415707, , , 
 ,9.793200436, , , , , 
27.64991249, , , , , , 
69.44952759, , , , , , 
 ,44.60206454, , , , , 
75.78768896, , , , , , 
208.6977834, , , , , , 
 , , , , , ,444.0858636
 , , , , , ,381.2203853
333.4510769, , , , , , 
198.96241, , , , , , 
32.72825477, , , , , , 
 ,12.92822753, , , , , 
 ,86.93787806, , , , , 
 ,228.6976553, , , , , 
364.0333553, , , , , , 
 , ,328.3635975, , , , 
 , ,164.9690308, , , , 
 ,99.04179057, , , , , 
 ,212.3640389, , , , , 
 ,176.8772024, , , , , 
 ,65.18663163, , , , , 
 ,83.08155078, , , , , 
 , ,74.78506641, , , , 
 , , , , , ,161.4791008
283.8425582, , , , , , 
 ,126.1300057, , , , , 
 , , , , ,219.2852002, 
 ,285.6914102, , , , , 
 ,322.3839769, , , , , 
 , , , , , ,207.1701102
295.6110336, , , , , , 
 ,501.121708, , , , , 
 ,185.3035527, , , , , 
 ,284.3787844, , , , , 
 ,275.0799549, , , , , 
215.4208537, , , , , , 
249.5692947, , , , , , 
320.2468414, , , , , , 
540.9707636, , , , , , 
277.3276194, , , , , , 
 ,348.4641041, , , , , 
300.282726, , , , , , 
244.385615, , , , , , 
 ,215.1264121, , , , , 
299.267209, , , , , , 
282.6033776, , , , , , 
303.0545337, , , , , , 
 ,221.2824318, , , , , 
 ,89.78599928, , , , , 
 , , ,0, , , 
 , , ,0.12382079, , , 
 , , ,0, , , 
0,0,0,0,0,0,0
0,0,0,0,0,0,0
 , , , ,0.627207877, , 
 , ,150.2749218, , , , 
129.0152524, , , , , , 
304.9377077, , , , , , 
339.8060757, , , , , , 
208.9227463, , , , , , 
 , , , , ,52.19201844, 
265.5208942, , , , , , 
 ,120.5128702, , , , , 
 ,52.41762519, , , , , 
 ,22.64277554, , , , , 
 , , , , ,188.2592193, 
143.1280383, , , , , , 
141.0593035, , , , , , 
90.98776603, , , , , , 
 , , , , , ,187.7124108
238.6662044, , , , , , 
218.6550714, , , , , , 
 ,174.5144741, , , , , 
246.636679, , , , , , 
352.875632, , , , , , 
304.3419103, , , , , , 
90.41003674, , , , , , 
 ,120.8666285, , , , , 
 ,276.503723, , , , , 
 ,183.846314, , , , , 
 , ,54.85664945, , , , 
 , ,41.04973742, , , , 
165.4227521, , , , , , 
95.3333557, , , , , , 
 , , , , ,137.8307869, 
 , , ,113.2626653, , , 
 , , , , , ,100.9742186
 ,75.3177049, , , , , 
 ,237.7208851, , , , , 
 ,303.092915, , , , , 
 ,208.2798373, , , , , 
 ,96.80727159, , , , , 
 ,167.5084958, , , , , 
 ,139.2789162, , , , , 
 ,125.3192031, , , , , 
 ,234.3459034, , , , , 
 ,212.0312387, , , , , 
120.4190685, , , , , , 
 ,258.3723872, , , , , 
310.6097751, , , , , , 
 , , , , , ,108.7919558
137.9064726, , , , , , 
194.5422266, , , , , , 
272.9641243, , , , , , 
254.7909291, , , , , , 
 , , , , , ,256.2946678
 , , , , , ,320.8771439
 , , , , , ,222.2291147
 ,220.0329059, , , , , 
 ,257.3604321, , , , , 
 ,221.5068788, , , , , 
 ,223.5956657, , , , , 
 ,317.3016818, , , , , 
 , , ,84.29160842, , , 
 , , ,0.318785263, , , 
0,0,0,0,0,0,0
0,0,0,0,0,0,0
 ,19.38087242, , , , , 
 ,101.985947, , , , , 
 ,41.3601178, , , , , 
 , ,153.7843366, , , , 
285.791333, , , , , , 
506.3903282, , , , , , 
 ,500.9418494, , , , , 
 ,209.2401898, , , , , 
 ,115.8826974, , , , , 
 ,273.5362376, , , , , 
 ,225.2982259, , , , , 
115.1389885, , , , , , 
151.026496, , , , , , 
 ,225.4460547, , , , , 
118.2902528, , , , , , 
125.4925473, , , , , , 
148.2852155, , , , , , 
265.776804, , , , , , 
238.713001, , , , , , 
194.93055, , , , , , 
 ,177.9045684, , , , , 
 , , , , , ,114.3308795
513.7939189, , , , , , 
 ,544.3964372, , , , , 
 ,149.3997771, , , , , 
71.34292658, , , , , , 
 ,143.6834132, , , , , 
 ,123.3032312, , , , , 
 ,60.89470243, , , , , 
 ,105.6209639, , , , , 
 , , , , , ,56.49981563
128.9210111, , , , , , 
 ,99.51321571, , , , , 
 , ,49.30016438, , , , 
 , ,91.63891862, , , , 
 , , , , , ,127.9232431
 , , , , , ,229.8729722
 ,201.9586123, , , , , 
 ,116.5805564, , , , , 
 ,99.9418219, , , , , 
 ,137.8461027, , , , , 
 ,161.1027516, , , , , 
294.1813549, , , , , , 
276.3227013, , , , , , 
 ,212.1316743, , , , , 
136.7700982, , , , , , 
176.3251798, , , , , , 
 ,312.9617171, , , , , 
 ,154.6012468, , , , , 
 ,56.58010393, , , , , 
 , , , , , ,171.1900219
351.5312082, , , , , , 
325.1430283, , , , , , 
198.003579, , , , , , 
206.0199174, , , , , , 
 , , , , , ,294.1987496
213.3871383, , , , , , 
 ,260.6704259, , , , , 
 , , , , , ,201.5066432
 , , , , , ,202.2314577
 , , , , ,204.3564373, 
 , ,86.2375595, , , , 
 , , , ,16.66177943, , 
52.22592969, , , , , , 
0,0,0,0,0,0,0
 , , , ,0.385469671, , 
 , , , , ,7.5297244, 
 ,32.65587299, , , , , 
 ,86.74574384, , , , , 
 , , , , , ,241.5486925
 , , , , , ,549.4391383
 , , , , , ,429.2442972
 ,168.6492253, , , , , 
49.95231997, , , , , , 
 ,46.94701018, , , , , 
 ,79.47677439, , , , , 
220.4436208, , , , , , 
228.4356692, , , , , , 
 ,187.1321628, , , , , 
184.4690514, , , , , , 
154.9380861, , , , , , 
279.3546406, , , , , , 
424.956968, , , , , , 
330.5410287, , , , , , 
 ,285.4343677, , , , , 
 ,277.6276959, , , , , 
 ,307.7920134, , , , , 
526.9456619, , , , , , 
385.0361343, , , , , , 
164.3395863, , , , , , 
 ,78.98022404, , , , , 
80.23238223, , , , , , 
76.71183875, , , , , , 
 , ,48.53196192, , , , 
 ,47.57008507, , , , , 
204.2501028, , , , , , 
 , , ,133.5882294, , , 
 , ,27.1135189, , , , 
 , ,7.711393449, , , , 
 , ,17.93784099, , , , 
 , , , , , ,117.0794068
 ,155.8975087, , , , , 
 ,151.236031, , , , , 
 ,124.8227879, , , , , 
 ,180.0903157, , , , , 
 ,103.8338875, , , , , 
 , , , , , ,154.2341612
170.5332693, , , , , , 
 , , , , , ,183.5737858
 ,247.090516, , , , , 
 ,85.75401248, , , , , 
 ,110.3755645, , , , , 
 ,91.06347378, , , , , 
 ,148.2160332, , , , , 
 ,95.5451237, , , , , 
 ,76.41675216, , , , , 
 , , , , , ,148.8316128
189.0879544, , , , , , 
259.5544037, , , , , , 
 , , , , , ,289.4172136
331.5980758, , , , , , 
118.3368235, , , , , , 
 ,159.4638517, , , , , 
 , ,148.8331031, , , , 
 , , , , , ,152.3765026
 , , , , , ,147.9104966
 , , , , , ,122.6545287
138.6569621, , , , , , 
172.0771499, , , , , , 
 , , ,0, , , 
 , , ,0, , , 
 , , , ,0.254556084, , 
 , , ,34.05930424, , , 
169.1865104, , , , , , 
 , , , , , ,224.9683311
 , , , , , ,375.2659946
 , , , , , ,480.1125042
254.379802, , , , , , 
 , ,69.63590182, , , , 
81.62938941, , , , , , 
 ,80.12439251, , , , , 
 , ,99.42950216, , , , 
 , , , , , ,128.7346087
203.284272, , , , , , 
181.1477933, , , , , , 
325.1720274, , , , , , 
 ,245.4648607, , , , , 
 ,338.8272422, , , , , 
 , , , , , ,230.8341975
 ,390.9302923, , , , , 
289.8703486, , , , , , 
 ,340.2549615, , , , , 
451.2715964, , , , , , 
 ,249.2216982, , , , , 
133.8324773, , , , , , 
66.59854887, , , , , , 
 , ,38.58539718, , , , 
 , ,72.99611804, , , , 
 , ,26.9802847, , , , 
132.1073971, , , , , , 
 , , , , ,185.1863072, 
 , ,96.10581964, , , , 
 ,62.03130726, , , , , 
 , ,48.8061964, , , , 
 , ,63.73114526, , , , 
112.5768877, , , , , , 
 , , , , , ,64.92528329
 , , , , , ,187.5089627
354.0197856, , , , , , 
177.3297221, , , , , , 
186.6816521, , , , , , 
72.01256617, , , , , , 
 ,79.88522255, , , , , 
 ,216.1973374, , , , , 
 ,132.16918, , , , , 
108.621591, , , , , , 
 ,144.8757334, , , , , 
 ,141.2758123, , , , , 
 , , , , , ,194.3871781
187.9399342, , , , , , 
 ,91.71584254, , , , , 
 ,116.0482497, , , , , 
 ,60.44680688, , , , , 
286.1363552, , , , , , 
510.4971113, , , , , , 
 , , , , , ,133.612659
 , , , , , ,135.6466202
205.0559977, , , , , , 
 , ,161.7808813, , , , 
 ,331.5102228, , , , , 
305.6150991, , , , , , 
 ,173.4308747, , , , , 
 , , , , , ,169.2187625
 ,128.7692428, , , , , 
 , , ,0, , , 
 , , ,0, , , 
 , , ,0, , , 
 ,16.47548554, , , , , 
84.09492088, , , , , , 
165.9472129, , , , , , 
 , , , , , ,370.4260497
 , , , , , ,266.3263975
 ,185.3415991, , , , , 
134.6787102, , , , , , 
 ,51.77841519, , , , , 
 , ,105.8410258, , , , 
 , , , , , ,82.84777887
 ,319.0196913, , , , , 
228.5285362, , , , , , 
158.2107382, , , , , , 
 ,198.1364512, , , , , 
131.6960457, , , , , , 
 , , , , ,307.8007347, 
 , , , , ,383.0652134, 
 ,326.1710488, , , , , 
 ,522.5841351, , , , , 
 ,183.6926904, , , , , 
 ,201.0618581, , , , , 
 ,179.5964274, , , , , 
 ,199.7543221, , , , , 
 ,68.28732524, , , , , 
 , , ,33.43218992, , , 
 , , , ,128.0129063, , 
 ,67.92871671, , , , , 
179.9488991, , , , , , 
117.1364759, , , , , , 
92.93914171, , , , , , 
90.90240382, , , , , , 
 ,50.96279495, , , , , 
 ,80.5702708, , , , , 
43.6265461, , , , , , 
 ,50.2095996, , , , , 
186.9086969, , , , , , 
 , , , , , ,195.3411393
120.5096433, , , , , , 
68.54566218, , , , , , 
 ,5.925144997, , , , , 
22.87372667, , , , , , 
 , , ,331.4152835, , , 
351.8121513, , , , , , 
94.97990597, , , , , , 
512.6408221, , , , , , 
173.6703049, , , , , , 
230.2879372, , , , , , 
143.9311221, , , , , , 
209.6289137, , , , , , 
 ,193.3142638, , , , , 
 , , , , ,93.7708876, 
 ,29.22874948, , , , , 
220.8006965, , , , , , 
 , , , , , ,495.7261157
 , , , , , ,347.4219089
138.3588093, , , , , , 
 ,72.89000988, , , , , 
 ,339.9618506, , , , , 
 ,164.8533656, , , , , 
251.6043032, , , , , , 
 ,177.11479, , , , , 
 , , ,77.34503828, , , 
 , , ,0, , , 
 , , ,0, , , 
 , , ,0.014794797, , , 
 , ,32.48293636, , , , 
101.9837914, , , , , , 
 , , , , , ,191.6707463
 , , , , , ,348.9369929
 , , , , , ,311.4855668
108.7488382, , , , , , 
219.8275642, , , , , , 
183.0367797, , , , , , 
42.18610951, , , , , , 
198.227387, , , , , , 
 , , , , , ,196.2556203
 ,186.1729123, , , , , 
65.86150465, , , , , , 
191.121544, , , , , , 
140.5499965, , , , , , 
330.8007816, , , , , , 
467.5571073, , , , , , 
 ,345.0471255, , , , , 
734.4340597, , , , , , 
 ,349.5700672, , , , , 
 ,129.9650557, , , , , 
 ,209.943871, , , , , 
 , , , ,101.2633911, , 
 ,98.03291944, , , , , 
 , ,59.2461091, , , , 
 ,132.1331637, , , , , 
 ,223.704755, , , , , 
 , , , , , ,321.8546838
 ,201.5992243, , , , , 
186.4861309, , , , , , 
 , , , , , ,152.7571974
 , ,25.17148861, , , , 
129.6123876, , , , , , 
129.1802025, , , , , , 
73.66317327, , , , , , 
 , , ,168.5168955, , , 
 , ,157.4854111, , , , 
 , , , , ,158.3728196, 
 , , , , ,99.94694944, 
 ,0.701305657, , , , , 
44.33581595, , , , , , 
205.29657, , , , , , 
232.2740888, , , , , , 
 , , , , , ,461.1998442
 , , , , ,379.4235386, 
185.904501, , , , , , 
 ,223.976175, , , , , 
189.6154471, , , , , , 
189.2380197, , , , , , 
 ,199.5333761, , , , , 
 , , ,72.91066233, , , 
187.1485153, , , , , , 
383.3550786, , , , , , 
531.5109002, , , , , , 
 , , , , , ,328.0080284
285.7125638, , , , , , 
 ,166.0463148, , , , , 
 ,190.9473223, , , , , 
 ,162.0766785, , , , , 
284.9234781, , , , , , 
 ,186.0897133, , , , , 
 , , ,65.08328817, , , 
 , , ,0, , , 
 , , ,0, , , 
 , , , ,0.125118676, , 
 , ,10.17951199, , , , 
 ,37.56383171, , , , , 
 , , , , , ,236.5487372
 , , , , , ,244.7055629
 ,177.2242073, , , , , 
 , , , , , ,119.9665795
139.7274746, , , , , , 
133.3851965, , , , , , 
 , , ,128.0834891, , , 
 , , , , , ,318.1352047
 , , , , , ,313.8105469
147.9894272, , , , , , 
84.15079451, , , , , , 
201.8093383, , , , , , 
110.2715124, , , , , , 
 , , , , , ,426.4316635
673.5852091, , , , , , 
 ,567.6627482, , , , , 
 ,545.8429353, , , , , 
 ,374.1791103, , , , , 
151.2683605, , , , , , 
 , , ,144.9555777, , , 
 , ,111.4435411, , , , 
161.9511476, , , , , , 
212.970514, , , , , , 
 ,196.7824569, , , , , 
139.6246118, , , , , , 
78.01568996, , , , , , 
 ,165.3792379, , , , , 
 ,107.102827, , , , , 
 , , , , ,149.9988126, 
 , ,36.12016287, , , , 
99.07258406, , , , , , 
 ,103.4910996, , , , , 
81.53717803, , , , , , 
 , , , , ,56.2443092, 
 , ,24.98416331, , , , 
13.76508485, , , , , , 
6.407973991, , , , , , 
0,0,0,0,0,0,0
7.24202159, , , , , , 
42.41649042, , , , , , 
271.46127, , , , , , 
 , , , , , ,75.35481073
 ,77.85328276, , , , , 
 ,70.84444648, , , , , 
159.6961427, , , , , , 
 , , , , , ,150.5142186
128.1330442, , , , , , 
 ,94.28769226, , , , , 
 ,13.89217061, , , , , 
43.5022055, , , , , , 
168.4953458, , , , , , 
 , , , , , ,311.7160968
 , , , , , ,368.9743216
384.6039608, , , , , , 
 , , , , , ,300.8755418
 ,299.7012697, , , , , 
 ,226.8959793, , , , , 
 ,149.0116679, , , , , 
 ,231.5053928, , , , , 
 ,133.6994182, , , , , 
0,0,0,0,0,0,0
 , , ,0, , , 
 , , ,0.256649701, , , 
 , , , ,4.85663875, , 
 , ,23.65001353, , , , 
 , , ,62.09023586, , , 
 , ,38.79919724, , , , 
 ,83.74058853, , , , , 
133.6584729, , , , , , 
223.345486, , , , , , 
249.6518983, , , , , , 
 , , , , , ,261.9235576
 ,159.2619339, , , , , 
 , , , , , ,279.249903
312.1066919, , , , , , 
168.2257232, , , , , , 
 , , , , ,302.3954463, 
 , , , , ,82.62296727, 
 , , , , , ,138.3501521
258.602473, , , , , , 
486.5108598, , , , , , 
 , , , , ,398.990634, 
 ,427.2228012, , , , , 
 ,425.7192276, , , , , 
 , , , , ,331.7940638, 
 ,203.2634305, , , , , 
226.0959728, , , , , , 
90.58024408, , , , , , 
 , ,44.34415818, , , , 
 ,62.16923468, , , , , 
 ,50.34967372, , , , , 
 , ,81.40990326, , , , 
 , ,50.30474956, , , , 
 , ,32.05499851, , , , 
 , , ,4.122825199, , , 
 ,26.81071403, , , , , 
 ,23.14155646, , , , , 
 , ,21.18760022, , , , 
9.400797689, , , , , , 
0,0,0,0,0,0,0
0,0,0,0,0,0,0
0,0,0,0,0,0,0
0,0,0,0,0,0,0
0,0,0,0,0,0,0
 ,1.346568482, , , , , 
 ,33.99020947, , , , , 
58.43236484, , , , , , 
 , , , , , ,64.41128966
 , ,25.53913837, , , , 
 , ,23.69693871, , , , 
49.47581727, , , , , , 
 ,38.3024716, , , , , 
 ,4.485394752, , , , , 
 , , ,0, , , 
 ,55.72655357, , , , , 
214.0447257, , , , , , 
 , , , , , ,456.3669845
 , , , , , ,760.7895022
 ,776.4112517, , , , , 
 ,692.2266937, , , , , 
 ,651.8761137, , , , , 
 , , , , , ,598.515469
 ,135.3986228, , , , , 
 ,130.7720259, , , , , 
 ,20.28197693, , , , , 
0,0,0,0,0,0,0
0,0,0,0,0,0,0
 , , ,0, , , 
 , , , , ,0.211477567, 
 , ,29.72525734, , , , 
 , , , , ,8.647109581, 
 , ,19.70332615, , , , 
 ,124.8259414, , , , , 
 ,158.701141, , , , , 
145.9087025, , , , , , 
 , , ,211.6837432, , , 
215.8289349, , , , , , 
 ,120.2255216, , , , , 
 ,197.8645627, , , , , 
119.1999859, , , , , , 
136.0210912, , , , , , 
 , , ,205.0621775, , , 
 , , , , ,91.75264197, 
 ,54.35460614, , , , , 
 ,146.2946281, , , , , 
 ,103.5439185, , , , , 
237.4380423, , , , , , 
 ,161.9530868, , , , , 
382.7060705, , , , , , 
 ,541.0041913, , , , , 
 , ,128.1750887, , , , 
60.21807615, , , , , , 
49.44441327, , , , , , 
 , , , ,0.933948325, , 
 , , ,0.515093617, , , 
 , , ,0.153665, , , 
 , , , ,0.150165861, , 
 , , ,1.275657414, , , 
0,0,0,0,0,0,0
0,0,0,0,0,0,0
0,0,0,0,0,0,0
0,0,0,0,0,0,0
0,0,0,0,0,0,0
0,0,0,0,0,0,0
0,0,0,0,0,0,0
0,0,0,0,0,0,0
0,0,0,0,0,0,0
0,0,0,0,0,0,0
0,0,0,0,0,0,0
0,0,0,0,0,0,0
 , , ,0, , , 
 , , ,0, , , 
 , , , ,0.20077432, , 
0,0,0,0,0,0,0
0,0,0,0,0,0,0
0,0,0,0,0,0,0
0,0,0,0,0,0,0
0,0,0,0,0,0,0
0,0,0,0,0,0,0
 ,4.852942884, , , , , 
74.18169069, , , , , , 
334.0793663, , , , , , 
438.4492365, , , , , , 
 , , , , , ,727.689082
901.475251, , , , , , 
573.2280321, , , , , , 
329.0335931, , , , , , 
59.67470524, , , , , , 
 ,6.690470294, , , , , 
 ,3.266327849, , , , , 
0,0,0,0,0,0,0
0,0,0,0,0,0,0
 , , ,0, , , 
 , , ,0, , , 
 , ,31.28612075, , , , 
 , , , , ,27.06135538, 
 , , ,0, , , 
 ,23.00624155, , , , , 
50.08849071, , , , , , 
 , ,21.05842335, , , , 
238.7715181, , , , , , 
 , , , , , ,326.7345888
 ,324.2326288, , , , , 
 ,197.1894502, , , , , 
54.08325628, , , , , , 
 , , ,86.64783194, , , 
 ,119.3176578, , , , , 
 , , , , ,101.3923829, 
 , ,55.57202433, , , , 
54.09541849, , , , , , 
 , ,6.367783415, , , , 
105.7571318, , , , , , 
 , , , , ,142.8021959, 
 ,168.2742436, , , , , 
472.6921694, , , , , , 
 , ,131.7789024, , , , 
35.7584176, , , , , , 
0,0,0,0,0,0,0
0,0,0,0,0,0,0
0,0,0,0,0,0,0
0,0,0,0,0,0,0
0,0,0,0,0,0,0
0,0,0,0,0,0,0
0,0,0,0,0,0,0
0,0,0,0,0,0,0
0,0,0,0,0,0,0
0,0,0,0,0,0,0
0,0,0,0,0,0,0
0,0,0,0,0,0,0
0,0,0,0,0,0,0
0,0,0,0,0,0,0
0,0,0,0,0,0,0
0,0,0,0,0,0,0
0,0,0,0,0,0,0
0,0,0,0,0,0,0
0,0,0,0,0,0,0
0,0,0,0,0,0,0
0,0,0,0,0,0,0
0,0,0,0,0,0,0
0,0,0,0,0,0,0
0,0,0,0,0,0,0
0,0,0,0,0,0,0
0,0,0,0,0,0,0
0,0,0,0,0,0,0
0,0,0,0,0,0,0
 , ,9.510782964, , , , 
81.37833763, , , , , , 
230.1112567, , , , , , 
 , , , , , ,557.1964345
630.7696412, , , , , , 
332.5241999, , , , , , 
88.22082909, , , , , , 
19.87693438, , , , , , 
0,0,0,0,0,0,0
0,0,0,0,0,0,0
